{
    "camera_matrix": [
        [
            532.79534539,
            0.0, 
            342.4582558
        ],
        [
            0.0,
            532.91926174,
            233.90061186
        ],
        [
            0.0,
            0.0,
            1.0
        ]
    ],
    "camera_port": 0,
    "dist_coefs": [
        -2.81085949e-01,
        2.72559023e-02,
        1.21667006e-03,
        -1.34205532e-04,
        1.58517893e-01
    ],
    "frame_height": 480,
    "frame_width": 640,
    "ramp_frames": 30
}
