{
    "camera_matrix": [
        [
            786.08925465,
            0.0,
            327.54944649
        ],
        [
            0.0,
            789.50593105,
            223.37587648
        ],
        [
            0.0,
            0.0,
            1.0
        ]
    ],
    "camera_port": 0,
    "dist_coefs": [
        0.410344222,
        -3.49531706,
        -0.00144480264,
        -0.0045797074,
        7.27633486
    ],
    "frame_height": 480,
    "frame_width": 640,
    "ramp_frames": 30
}
